Workbook
Name Rev.: 表紙!$U$22
Name Ver.: 表紙!$AE$26
Name ご確認者: 表紙!$AG$40
Name ご確認日: 表紙!$AG$42
Name サブシステム名: 表紙!$U$28
Name システム名: 表紙!$U$26
Name プロジェクト名: 表紙!$U$18
Name 開発区分: 表紙!$U$36
Name 機能ＩＤ: 表紙!$U$32
Name 機能区分: 表紙!$U$34
Name 機能名称: 表紙!$U$30
Name 顧客名: 表紙!$U$16
Name 最終更新者: 表紙!$AB$40
Name 最終更新日: 表紙!$AB$42
Name 作成者: 表紙!$W$40
Name 作成日: 表紙!$W$42
Name 章: 表紙!$M$10
Name 文書名: 表紙!$M$10

Sheet 目次
A1: アドオン設計書作成ガイド
C3: ■アドオン設計と成果物について
D4: ・システム設計フェーズとソフトウェア設計フェーズでアドオンの処理仕様を定義する
D5: ・システム設計フェーズとソフトウェア設計フェーズの成果物がアドオン設計書であり、ソフトウェア製作フェーズのインプットとなる
C7: ■各設計フェーズ毎のアドオン設計書作成範囲
D8: ・システム設計フェーズ：他機能との関連を定義するとともに、画面や帳票、ファイル入出力を中心とした外部入出力の設計を行う
D9: ・ソフトウェア設計フェーズ：内部処理を中心とした設計を行う
U11: ◎ | W11: … | X11: システム設計フェーズで作成
U12: ○ | W12: … | X12: システム設計フェーズで基本仕様を定義して、ソフトウェア設計フェーズで詳細化する
U13: △ | W13: … | X13: 必要に応じて（例えば標準仕様から変更がない場合は不要）
U14: ‐ | W14: … | X14: 不要
W15: … | X15: ソフトウェア設計フェーズで作成
D17: 各設計書と作成対象シートのマトリックス | S17: ※カスタマイズ：標準機能に機能を追加する アドオン：新規で機能を開発する
D18: EXCELシート | N18: 画面設計書 | W18: バッチ設計書 | AF18: 帳票設計書 | AO18: ＢＩ設計書 | AT18: .Net設計書 | BB18: EXCELシート | BL18: WebDB設計書 | BR18: 帳票設計書 | BX18: 汎用申請設計書
N19: カスタマイズ | S19: アドオン | W19: カスタマイズ | AB19: アドオン | AF19: カスタマイズ | AK19: アドオン | AO19: アドオン | AT19: アドオン | BL19: アドオン | BR19: アドオン | BX19: アドオン
D20: 概要 | N20: ◎ | O20: ※1 | S20: ◎ | W20: ◎ | X20: ※1 | AB20: ◎ | AF20: ◎ | AG20: ※1 | AK20: ◎ | AO20: ◎ | AT20: ◎ | BB20: 機能概要 | BL20: ◎ | BR20: ◎ | BX20: ◎
D21: レイアウト | N21: ◎ | O21: ※2 | S21: ◎ | W21: ‐ | AB21: ‐ | AF21: ◎ | AG21: ※2 | AK21: ◎ | AO21: ◎ | AT21: ◎ | BB21: アプリケーションフロー | BL21: ◎ | BR21: ー | BX21: ◎
D22: 項目説明 | N22: △ | S22: ○ | W22: ‐ | AB22: ‐ | AF22: △ | AK22: ○ | AO22: ○ | AT22: ○ | BB22: データベース設定 | BL22: ◎ | BR22: ー | BX22: ◎
D23: 引数説明 | N23: ‐ | S23: ‐ | W23: △ | AB23: ◎ | AF23: ‐ | AK23: ‐ | AO23: ‐ | AT23: ◎ | BB23: フィールド設定 | BL23: ◎ | BR23: ー | BX23: ◎
D24: 処理概要 | N24: ◎ | S24: ◎ | W24: ◎ | AB24: ◎ | AF24: ◎ | AK24: ◎ | AO24: ◎ | AT24: ◎ | BB24: 一覧表示画面設定 | BL24: ◎ | BR24: ー | BX24: ◎
D25: 処理詳細 | BB25: 表示編集画面設定 | BL25: ◎ | BR25: ー | BX25: ◎
D26: 処理・サービス関連図 | N26: △ | S26: ◎ | W26: △ | AB26: ◎ | AF26: ‐ | AK26: ‐ | AO26: ‐ | AT26: ◎ | BB26: 明細画面設定 | BL26: △ | BN26: ※3 | BR26: ー | BX26: △ | BZ26: ※3
D27: 検索入出力仕様 | N27: △ | S27: ○ | W27: △ | AB27: ○ | AF27: ‐ | AK27: ‐ | AO27: ‐ | AT27: ○ | BB27: 集計表示設定 | BL27: △ | BN27: ※4 | BR27: ー | BX27: △ | BZ27: ※4
D28: 更新入出力仕様 | N28: △ | S28: ○ | W28: △ | AB28: ○ | AF28: ‐ | AK28: ‐ | AO28: ‐ | AT28: ○ | BB28: 絞り込み条件設定 | BL28: △ | BN28: ※5 | BR28: ー | BX28: △ | BZ28: ※5
D29: ファイル入出力仕様 | N29: △ | S29: △ | W29: ‐ | AB29: ‐ | AF29: ‐ | AK29: ‐ | AO29: ‐ | AT29: △ | BB29: その他設定 | BR29: ー
D30: 画面遷移 | N30: △ | S30: ◎ | W30: ‐ | AB30: ‐ | AF30: ‐ | AK30: ‐ | AO30: ‐ | AT30: ◎ | BB30: 帳票イメージ | BL30: ー | BR30: ◎ | BX30: ー
D31: メッセージ一覧 | N31: △ | S31: △ | W31: △ | AB31: △ | AF31: ‐ | AK31: ‐ | AO31: ‐ | AT31: △ | BB31: 項目設計 | BL31: ー | BR31: ◎ | BX31: ー
D32: 補足説明 | N32: △ | S32: △ | W32: △ | AB32: △ | AF32: △ | AK32: △ | AO32: △ | AT32: △ | BB32: 補足説明 | BL32: △ | BR32: △ | BX32: △
D33: サービス呼出編集仕様 | N33: - | S33: - | W33: - | AB33: - | AF33: - | AK33: - | AO33: - | AT33: - | BB33: 補足説明(詳細)
D35: ※1 | G35: 別シートでカスタマイズ内容を記載する | BB35: ※3 | BE35: 単票画面は記載しない
D36: ※2 | G36: 吹き出しでカスタマイズ内容を記載する | BB36: ※4 | BE36: 集計・グラフ機能を使用する場合に記載する
BB37: ※5 | BE37: 共通設定のみ記載する(個別設定は、記載しない)

Sheet 表紙
AW2: サブモジュール
AW3: MA_マスタ管理
AW4: MB_業務共通
AW5: MG_原価管理
AW6: MSBA_需給管理
M7: 基本設計 | AW7: MSBB_販売管理
AW8: MSBC_生産管理
AW9: MSBD_購買管理
M10: アドオン設計書 | AW10: MSBE_在庫物流管理
AW11: MSBF_品質管理
AW12: MSBG_債権管理
AW13: MSBH_債務管理
AW14: MSBI_締処理
AW15: MSUA_リスト・入力補助
M16: 顧客 | U16: 株式会社クラウン・パッケージ | AW16: PF_ESBアダプタ
M18: プロジェクト名 | U18: 基幹システム刷新PJ | AW18: 機能区分
AW19: 画面
M20: 文書番号 | AW20: 帳票
AW21: バッチ
M22: Ｒｅｖ． | U22: {=MAX(_xlfn.NUMBERVALUE(改訂!A7:E48))} -> 3 | AW22: マスタ
M24: 機密性区分 | U24: 取扱注意（Ｃ） | AW24: 開発区分
AW25: カスタマイズ
M26: システム名 | U26: Webシステム | AC26: Ver. | AE26: 7.0.2 | AW26: アドオン
AW27: －
M28: サブモジュール | U28: MSBB_販売管理
M30: 機能名 | U30: =M50 -> Web見積計算書一覧照会
M32: 機能ID | U32: =G50 -> MSBBPA020
M34: 機能区分 | U34: 画面
M36: 開発区分 | U36: アドオン
W39: 作成 | AB39: 最終更新 | AG39: ご確認
W40: MDSOL | AB40: =改訂!AZ2 -> TBK徐
W42: 44805 | AB42: 44910
A48: 文書番号 | G48: 画面ID | M48: 画面名 | V48: Version | AB48: Revision
A50: M7-US-1140 | G50: MSBBPA020 | M50: Web見積計算書一覧照会 | V50: 1.0.0 | AB50: r01.00
A53: 共通（元データ）
A54: Webシステム | K54: 文書名 | U54: モジュールID | Z54: MS | AE54: モジュール名 | AJ54: Webシステム | AS54: 文書番号 | AZ54: Version | BF54: Rev.
K55: 画面説明書 | U55: ｻﾌﾞﾓｼﾞｭｰﾙID | Z55: MSBB | AE55: ｻﾌﾞﾓｼﾞｭｰﾙ名 | AJ55: 販売Webシステム | AS55: M7-US-1140 | AZ55: 1.0.0 | BF55: r00.00
K56: 表紙 | U56: 表題 | Z56: MSBBPA020 | AE56: Web見積計算書一覧照会
A57: 共通（リンク用）
A58: =A54 -> Webシステム | K58: 文書名 | U58: モジュールID | Z58: =Z54 -> MS | AE58: モジュール名 | AJ58: =AJ54 -> Webシステム | AS58: 文書番号 | AZ58: Version | BF58: Rev.
K59: =文書名 -> アドオン設計書 | U59: ｻﾌﾞﾓｼﾞｭｰﾙID | Z59: =Z55 -> MSBB | AE59: ｻﾌﾞﾓｼﾞｭｰﾙ名 | AJ59: =AJ55 -> 販売Webシステム | AS59: =AS55 -> M7-US-1140 | AZ59: =AZ55 -> 1.0.0 | BF59: =BF55 -> r00.00
K60: =RIGHT(CELL("filename",$A$1),LEN(CELL("filename",$A$1))-FIND("]",CELL("filename",$A$1))) -> 表紙 | U60: 表題 | Z60: =Z56 -> MSBBPA020 | AE60: =AE56 -> Web見積計算書一覧照会
A62: 概要シート用
A63: =A58 -> Webシステム | O63: 文書名 | AC63: モジュールID | AJ63: =Z58 -> MS | AQ63: モジュール名 | AX63: =AJ58 -> Webシステム | BL63: 文書番号 | BU63: Version | CB63: Rev.
O64: =K59 -> アドオン設計書 | AC64: サブモジュールID | AJ64: =Z59 -> MSBB | AQ64: サブモジュール名 | AX64: =AJ59 -> 販売Webシステム | BL64: =AS59 -> M7-US-1140 | BU64: 7.0.2 | CB64: {=MAX(_xlfn.NUMBERVALUE(改訂!A7:E48))} -> 3
O65: =RIGHT(CELL("filename",$A$1),LEN(CELL("filename",$A$1))-FIND("]",CELL("filename",$A$1))) -> 表紙 | AC65: 表題 | AJ65: =Z60 -> MSBBPA020 | AQ65: =AE60 -> Web見積計算書一覧照会

Sheet 改訂
A1: 第7章 | K1: 改訂 | AU1: 作成者 | AZ1: MDSOL | BE1: 作成日 | BJ1: =表紙!W42 -> 44805 | BP1: Rev.
AU2: 修正者 | AZ2: =BM16 -> TBK徐 | BE2: 改訂日 | BJ2: =BM15 -> 44939 | BP2: =表紙!CB64 -> 3
A5: Rev. | F5: 改定内容 | BC5: 頁 | BM5: 変更日 変更者 | BR5: 確認日 確認者
A7: 1 | F7: 新規作成 | BM7: 44865
BM8: MDSOL
A9: 2 | F9: 仕様連絡書：RCS-1059に伴う下記改定を実施 項目追加(値引き率) | BC9: 画面イメージ、項目説明、検索入出力仕様 | BM9: 44894 | BR9: 44895
BM10: MDSOL | BR10: MDSOL 奥本
A11: 2 | F11: 仕様連絡書：RCS-1062に伴う下記改定を実施 案件NOをDBの項目は、案件NO(親)＋案件NO(子)＋案件NO(部材)に分割する ※画面項目は、1つとする | BC11: 画面イメージ、項目説明、検索入出力仕様 | BM11: 44894 | BR11: 44895
BM12: MDSOL | BR12: MDSOL 奥本
A13: 2 | F13: 仕様連絡書：RCS-1059(2022/12/7 追加)に伴う下記改定を実施 ①値引き率が-20%以下の時、青字で表示、②見積区分が「決定」の時、赤字で表示 | BC13: 項目説明 | BM13: 44910 | BR13: 44911
BM14: MDSOL 野村 | BR14: MDSOL 奥本
A15: 3 | F15: 処理詳細の追加 | BC15: 処理詳細 | BM15: 44939
BM16: TBK徐

Sheet 概要
A1: =表紙!A54 -> Webシステム | O1: 文書名 | AC1: モジュールID | AJ1: =表紙!AJ63 -> MS | AQ1: モジュール名 | AX1: =表紙!AX63 -> Webシステム | BL1: 文書番号 | BU1: Version | CB1: Rev.
O2: =表紙!O64 -> アドオン設計書 | AC2: サブモジュールID | AJ2: =表紙!AJ64 -> MSBB | AQ2: サブモジュール名 | AX2: =表紙!AX64 -> 販売Webシステム | BL2: =表紙!BL64 -> M7-US-1140 | BU2: =表紙!BU64 -> 7.0.2 | CB2: =表紙!CB64 -> 3
O3: =RIGHT(CELL("filename",$A$1),LEN(CELL("filename",$A$1))-FIND("]",CELL("filename",$A$1))) -> 概要 | AC3: 表題 | AJ3: =表紙!AJ65 -> MSBBPA020 | AQ3: =表紙!AQ65 -> Web見積計算書一覧照会
AO5: 概要
B7: 【説明】
C8: 見積計算書の一覧照会画面
B10: 【目的】
C11: 見積計算書を一覧照会する、見積計算書画面へ遷移する(参照・訂正)
C12: 見積計算書を一括発行する
B14: 【処理関連図/サービス関連図】
C15: ※処理・サービス関連図シートに詳細記載
B17: 【オペレーション一覧】
C18: 見積計算書の検索・照会処理を行う
C19: 見積計算書の帳票発行を行う
C20: 見積計算書のCSV出力を行う
B22: 【SQLID一覧】
C23: なし
B25: 【ソート順】
C26: 担当、得意先、案件NO、見積計算書NO
B28: 【データアクセスコントロール】
C29: 拠点による制御
C30: ※詳細は、【MSBBPA000】_共通設計書_アドオン(Webシステム共通仕様)にて定義
B32: 【自由記述】
C33: なし

Sheet 画面イメージ
A1: =表紙!A54 -> Webシステム | K1: 文書名 | U1: モジュールID | Z1: =表紙!$AJ$63 -> MS | AE1: モジュール名 | AJ1: =表紙!$AX$63 -> Webシステム | AS1: 文書番号 | AZ1: Version | BF1: Rev.
K2: =表紙!O64 -> アドオン設計書 | U2: ｻﾌﾞﾓｼﾞｭｰﾙID | Z2: =表紙!$AJ$64 -> MSBB | AE2: ｻﾌﾞﾓｼﾞｭｰﾙ名 | AJ2: =表紙!$AX$64 -> 販売Webシステム | AS2: =表紙!$BL$64 -> M7-US-1140 | AZ2: =表紙!$BU$64 -> 7.0.2 | BF2: =表紙!$CB$64 -> 3
K3: =RIGHT(CELL("filename",$A$1),LEN(CELL("filename",$A$1))-FIND("]",CELL("filename",$A$1))) -> 画面イメージ | U3: 表題 | Z3: =表紙!$AJ$65 -> MSBBPA020 | AE3: =表紙!$AQ$65 -> Web見積計算書一覧照会
A5: 画面イメージ
B7: ≫凡例
Q8: ・・・ | S8: ボタン
C9: 見積計算書NO | Q9: ・・・ | S9: 検索項目(検索画面表示選択) | AJ9: 参照情報
C10: 品名 | Q10: ・・・ | S10: 入力項目
C11: 得意先 | Q11: ・・・ | S11: 表示項目(得意先名称、原紙名等) | AJ11: 担当者
C12: 操作種別 | I12: ●登録 | M12: ○訂正 | Q12: ・・・ | S12: 選択項目(一つのみ選択可能)
C13: 受注区分 | Q13: ・・・ | S13: 選択項目(一つのみ選択可能)
C14: 作業順 | I14: ☑AAA | M14: ☑BBB | Q14: ・・・ | S14: 選択項目(複数選択可能)
C16: 見積作成日 | Q16: ・・・ | S16: カレンダー形式 | CX16: MDSOL 野村 2022/10/25 修正しました(カレンダー形式 誤字対応) | DY16: 2022/10/27 落合 問題なし
CX17: MDSOL 野村 2022/10/25 修正しました(メーカ追加) | DY17: 2022/10/27 落合 問題なし
CX18: 【MSBBPA080】_画面設計書_アドオン(Web受注一覧照会)の横展開
CX19: CP指摘 2022/10/02 落合 検索条件が多すぎる為、レイアウトを右記のようにする→
DG20: 詳細検索は折りたたんだ状態で表示し、必要時のみ入力する
BX21: － | DG21: 見積検索も合わせてください
CY22: MDSOL 野村 2022/10/25 レイアウト修正→見積を合わせて修正します | DY22: 2022/10/27 落合 問題なし
D23: 拠点 | BR23: * | BS23: あいまい検索可能
D24: 得意先 | J24: (得意先名:オートフィルタ) | AC24: 見積担当者
D25: 案件No | J25: 9999999-999-999 | Q25: (案件No親/子/部材) | CX25: Rev2.0 案件NO項目イメージ変更
D26: 顧客品名 | AB26: * | AU26: *
D27: 見積作成日 | P27: ~
D28: 見積計算書NO | P28: ~ | AC28: 受注区分 | AI28: 製品 | AO28: 製品区分 | AU28: 大 | BB28: 中 | BI28: 小
D29: 親子区分 | R29: FSC認証区分 | AC29: FSC材質区分
R30: FSC製品区分
R31: 原紙 | AK31: 印刷 | AY31: エンボス | BJ31: メーカ
D32: 段 | J32: E | N32: 表構成 | BJ32: (メーカ名:ｵｰﾄﾌｨﾙﾀ)
D33: シート寸法 | J33: 巾 | P33: 流れ | AC33: 刃渡り（mm) | AI33: 巾 | AO33: 流れ
D35: 詳細検索 | BW35: ー
J36: 原紙 | AC36: 印刷 | AQ36: エンボス | BB36: メーカ
D37: 中構成 | BB37: (メーカ名:ｵｰﾄﾌｨﾙﾀ)
D38: 裏構成 | BB38: (メーカ名:ｵｰﾄﾌｨﾙﾀ)
D40: 製品形状 | R40: 物流区分
D42: 印刷備考 | J42: 40byte | AB42: * | AC42: 製造備考 | AI42: 40byte | BA42: *
D43: 伝票備考 | J43: 40byte | AB43: * | AC43: 納入備考 | AI43: 40byte | BA43: *
D44: 出荷備考１ | J44: 40byte | AB44: * | AC44: 出荷備考２ | AI44: 40byte | BA44: *
D47: 決定予想 | J47: ☑決定予想のみ
D48: 見積区分 | J48: ☑通常 | N48: ☑決定
D49: ステータス | J49: ☑未承認 | N49: ☑承認済 | R49: ☑マスタ採用済 | W49: ☑受注済
D52: NO | F52: 担当 | H52: 担当者名 | K52: 得意先 | N52: 得意先名 | R52: 案件NO | W52: 案件名 | AA52: 見積計算書NO | AF52: 見積作成日 | AJ52: 顧客品名 | AU52: 見積数 | AY52: 決定予想 | BA52: 見積平米 | BE52: ㎡単価 | BI52: 金額 | BM52: 値引率 | BQ52: 見積区分 | BS52: ステータス | BV52: 発行 | BX52: 製品コード | CX52: Rev2.0 項目追加(値引率)
D53: 1 | F53: 1234 | H53: XXXXX6 | K53: 12345 | N53: XXXXXXX8 | R53: 1234567-001-001 | W53: XXXXXXX8 | AA53: 12345678-01 | AF53: 2022/7/1 | AJ53: XXXXXXXXX1XXXXX6 | AQ53: XXXXXXX8 | AU53: 9999999 | BA53: 9999999 | BE53: 9999999 | BI53: 9999999 | BM53: 99.9% | BQ53: 通常 | BS53: 承認済 | BV53: ☑
D54: 2 | F54: 1234 | H54: XXXXX6 | K54: 12345 | N54: XXXXXXX8 | R54: 1234567-001-002 | W54: XXXXXXX8 | AA54: 12345678-02 | AF54: 2022/7/1 | AJ54: XXXXXXXXX1XXXXX6 | AQ54: XXXXXXX8 | AU54: 9999999 | BA54: 9999999 | BE54: 9999999 | BI54: 9999999 | BM54: 99.9% | BQ54: 通常 | BS54: 承認済 | BV54: ☑
D55: 3 | F55: 1234 | H55: XXXXX6 | K55: 12345 | N55: XXXXXXX8 | R55: 1234567-001-003 | W55: XXXXXXX8 | AA55: 12345678-03 | AF55: 2022/7/1 | AJ55: XXXXXXXXX1XXXXX6 | AQ55: XXXXXXX8 | AU55: 9999999 | AY55: ● | BA55: 9999999 | BE55: 9999999 | BI55: 9999999 | BM55: 99.9% | BQ55: 通常 | BS55: 承認済 | BV55: ☑ | BX55: A9999999-01
D56: 4 | F56: 1234 | H56: XXXXX6 | K56: 12345 | N56: XXXXXXX8 | R56: 1234567-001-004 | W56: XXXXXXX8 | AA56: 12345678-04 | AF56: 2022/7/1 | AJ56: XXXXXXXXX1XXXXX6 | AQ56: XXXXXXX8 | AU56: 9999999 | BA56: 9999999 | BE56: 9999999 | BI56: 9999999 | BM56: 99.9% | BQ56: 通常 | BS56: 承認済 | BV56: □
D57: 5 | F57: 1234 | H57: XXXXX6 | K57: 12345 | N57: XXXXXXX8 | R57: 1234567-001-005 | W57: XXXXXXX8 | AA57: 12345678-05 | AF57: 2022/7/1 | AJ57: XXXXXXXXX1XXXXX6 | AQ57: XXXXXXX8 | AU57: 9999999 | BA57: 9999999 | BE57: 9999999 | BI57: 9999999 | BM57: 99.9% | BQ57: 通常 | BS57: 承認済 | BV57: □
D58: 6 | F58: 1234 | H58: XXXXX6 | K58: 12345 | N58: XXXXXXX8 | R58: 1234567-001-006 | W58: XXXXXXX8 | AA58: 12345680-01 | AF58: 2022/7/1 | AJ58: YYYYYYYYY1XXXXX6 | AQ58: XXXXXX01 | AU58: 9999999 | AY58: ● | BA58: 9999999 | BE58: 9999999 | BI58: 9999999 | BM58: 99.9% | BQ58: 決定 | BS58: 未承認 | BV58: □ | BX58: A9999999-01
D59: 7 | F59: 1234 | H59: XXXXX6 | K59: 12345 | N59: XXXXXXX8 | R59: 1234567-001-007 | W59: XXXXXXX8 | AA59: 12345681-01 | AF59: 2022/7/1 | AJ59: YYYYYYYYY1XXXXX6 | AQ59: XXXXXX02 | AU59: 9999999 | AY59: ● | BA59: 9999999 | BE59: 9999999 | BI59: 9999999 | BM59: 99.9% | BQ59: 決定 | BS59: 未承認 | BV59: □ | BX59: A9999999-01
D60: 8 | F60: 1234 | H60: XXXXX6 | K60: 12345 | N60: XXXXXXX8 | R60: 1234567-001-008 | W60: XXXXXXX8 | AA60: 12345682-01 | AF60: 2022/7/1 | AJ60: YYYYYYYYY1XXXXX6 | AQ60: XXXXXX03 | AU60: 9999999 | AY60: ● | BA60: 9999999 | BE60: 9999999 | BI60: 9999999 | BM60: 99.9% | BQ60: 決定 | BS60: 未承認 | BV60: □ | BX60: A9999999-01
D61: 9 | F61: 1234 | H61: XXXXX6 | K61: 12345 | N61: XXXXXXX8 | R61: 1234567-001-009 | W61: XXXXXXX8 | AA61: 12345683-01 | AF61: 2022/7/1 | AJ61: YYYYYYYYY1XXXXX6 | AQ61: XXXXXX04 | AU61: 9999999 | BA61: 9999999 | BE61: 9999999 | BI61: 9999999 | BM61: 99.9% | BQ61: 通常 | BS61: 未承認 | BV61: □
D62: 10 | F62: 1234 | H62: XXXXX6 | K62: 12345 | N62: XXXXXXX8 | R62: 1234567-001-010 | W62: XXXXXXX8 | AA62: 12345683-02 | AF62: 2022/7/1 | AJ62: YYYYYYYYY1XXXXX6 | AQ62: XXXXXX05 | AU62: 9999999 | AY62: ● | BA62: 9999999 | BE62: 9999999 | BI62: 9999999 | BM62: 99.9% | BQ62: 決定 | BS62: 未承認 | BV62: □ | BX62: A9999999-01
D63: ◁ | CB63: ▷
C76: 発行 | F76: ・・・ | H76: 発行対象に☑する。
C77: ☑
C78: ☑
C79: ☑
C80: □
C81: □
J83: ・・・ | L83: ☑された見積計算書を一括出力
BX131: － | CA131: － | CB131: … | CC131: 抽出条件を閉じる
BX132: +
CA133: + | CB133: … | CC133: 抽出条件を開く
BX135: +
D137: NO | F137: 担当 | H137: 担当者名 | K137: 得意先 | N137: 得意先名 | R137: 案件NO | W137: 案件名 | AA137: 見積計算書NO | AF137: 見積作成日 | AJ137: 顧客品名 | AU137: 見積数 | AY137: 決定予想 | BA137: 見積平米 | BE137: ㎡単価 | BI137: 金額 | BM137: 見積区分 | BO137: 承認ステータス | BR137: 計算書 | BT137: 製品コード
D138: 1 | F138: 1234 | H138: XXXXX6 | K138: 12345 | N138: XXXXXXX8 | R138: 1234567-001 | W138: XXXXXXX8 | AA138: 12345678-01 | AF138: 2022/7/1 | AJ138: XXXXXXXXX1XXXXX6 | AQ138: XXXXXXX8 | AU138: 9999999 | BA138: 9999999 | BE138: 9999999 | BI138: 9999999 | BM138: 通常 | BO138: 承認済 | BR138: □
D139: 2 | F139: 1234 | H139: XXXXX6 | K139: 12345 | N139: XXXXXXX8 | R139: 1234567-001 | W139: XXXXXXX8 | AA139: 12345678-02 | AF139: 2022/7/1 | AJ139: XXXXXXXXX1XXXXX6 | AQ139: XXXXXXX8 | AU139: 9999999 | BA139: 9999999 | BE139: 9999999 | BI139: 9999999 | BM139: 通常 | BO139: 承認済 | BR139: □
D140: 3 | F140: 1234 | H140: XXXXX6 | K140: 12345 | N140: XXXXXXX8 | R140: 1234567-001 | W140: XXXXXXX8 | AA140: 12345678-03 | AF140: 2022/7/1 | AJ140: XXXXXXXXX1XXXXX6 | AQ140: XXXXXXX8 | AU140: 9999999 | AY140: ● | BA140: 9999999 | BE140: 9999999 | BI140: 9999999 | BM140: 通常 | BO140: 承認済 | BR140: □ | BT140: A9999999-01
D141: 4 | F141: 1234 | H141: XXXXX6 | K141: 12345 | N141: XXXXXXX8 | R141: 1234567-001 | W141: XXXXXXX8 | AA141: 12345678-04 | AF141: 2022/7/1 | AJ141: XXXXXXXXX1XXXXX6 | AQ141: XXXXXXX8 | AU141: 9999999 | BA141: 9999999 | BE141: 9999999 | BI141: 9999999 | BM141: 通常 | BO141: 承認済 | BR141: □
D142: 5 | F142: 1234 | H142: XXXXX6 | K142: 12345 | N142: XXXXXXX8 | R142: 1234567-001 | W142: XXXXXXX8 | AA142: 12345678-05 | AF142: 2022/7/1 | AJ142: XXXXXXXXX1XXXXX6 | AQ142: XXXXXXX8 | AU142: 9999999 | BA142: 9999999 | BE142: 9999999 | BI142: 9999999 | BM142: 通常 | BO142: 承認済 | BR142: □
D143: 6 | F143: 1234 | H143: XXXXX6 | K143: 12345 | N143: XXXXXXX8 | R143: 1234567-001 | W143: XXXXXXX8 | AA143: 12345680-01 | AF143: 2022/7/1 | AJ143: YYYYYYYYY1XXXXX6 | AQ143: XXXXXX01 | AU143: 9999999 | AY143: ● | BA143: 9999999 | BE143: 9999999 | BI143: 9999999 | BM143: 決定 | BO143: 未承認 | BR143: □ | BT143: A9999999-01
D144: 7 | F144: 1234 | H144: XXXXX6 | K144: 12345 | N144: XXXXXXX8 | R144: 1234567-001 | W144: XXXXXXX8 | AA144: 12345681-01 | AF144: 2022/7/1 | AJ144: YYYYYYYYY1XXXXX6 | AQ144: XXXXXX02 | AU144: 9999999 | AY144: ● | BA144: 9999999 | BE144: 9999999 | BI144: 9999999 | BM144: 決定 | BO144: 未承認 | BR144: □ | BT144: A9999999-01
D145: 8 | F145: 1234 | H145: XXXXX6 | K145: 12345 | N145: XXXXXXX8 | R145: 1234567-001 | W145: XXXXXXX8 | AA145: 12345682-01 | AF145: 2022/7/1 | AJ145: YYYYYYYYY1XXXXX6 | AQ145: XXXXXX03 | AU145: 9999999 | AY145: ● | BA145: 9999999 | BE145: 9999999 | BI145: 9999999 | BM145: 決定 | BO145: 未承認 | BR145: □ | BT145: A9999999-01
D146: 9 | F146: 1234 | H146: XXXXX6 | K146: 12345 | N146: XXXXXXX8 | R146: 1234567-001 | W146: XXXXXXX8 | AA146: 12345683-01 | AF146: 2022/7/1 | AJ146: YYYYYYYYY1XXXXX6 | AQ146: XXXXXX04 | AU146: 9999999 | BA146: 9999999 | BE146: 9999999 | BI146: 9999999 | BM146: 通常 | BO146: 未承認 | BR146: □
D147: 10 | F147: 1234 | H147: XXXXX6 | K147: 12345 | N147: XXXXXXX8 | R147: 1234567-001 | W147: XXXXXXX8 | AA147: 12345683-02 | AF147: 2022/7/1 | AJ147: YYYYYYYYY1XXXXX6 | AQ147: XXXXXX05 | AU147: 9999999 | AY147: ● | BA147: 9999999 | BE147: 9999999 | BI147: 9999999 | BM147: 決定 | BO147: 未承認 | BR147: □ | BT147: A9999999-01
D148: 11 | F148: 1234 | H148: XXXXX6 | K148: 12345 | N148: XXXXXXX8 | R148: 1234567-001 | W148: XXXXXXX8 | AA148: 12345683-02 | AF148: 2022/7/1 | AJ148: YYYYYYYYY1XXXXX6 | AQ148: XXXXXX05 | AU148: 9999999 | AY148: ● | BA148: 9999999 | BE148: 9999999 | BI148: 9999999 | BM148: 決定 | BO148: 未承認 | BR148: □ | BT148: A9999999-01
D149: 12 | F149: 1234 | H149: XXXXX6 | K149: 12345 | N149: XXXXXXX8 | R149: 1234567-001 | W149: XXXXXXX8 | AA149: 12345683-02 | AF149: 2022/7/1 | AJ149: YYYYYYYYY1XXXXX6 | AQ149: XXXXXX05 | AU149: 9999999 | AY149: ● | BA149: 9999999 | BE149: 9999999 | BI149: 9999999 | BM149: 決定 | BO149: 未承認 | BR149: □ | BT149: A9999999-01
D150: 13 | F150: 1234 | H150: XXXXX6 | K150: 12345 | N150: XXXXXXX8 | R150: 1234567-001 | W150: XXXXXXX8 | AA150: 12345683-02 | AF150: 2022/7/1 | AJ150: YYYYYYYYY1XXXXX6 | AQ150: XXXXXX05 | AU150: 9999999 | AY150: ● | BA150: 9999999 | BE150: 9999999 | BI150: 9999999 | BM150: 決定 | BO150: 未承認 | BR150: □ | BT150: A9999999-01
D151: 14 | F151: 1234 | H151: XXXXX6 | K151: 12345 | N151: XXXXXXX8 | R151: 1234567-001 | W151: XXXXXXX8 | AA151: 12345683-02 | AF151: 2022/7/1 | AJ151: YYYYYYYYY1XXXXX6 | AQ151: XXXXXX05 | AU151: 9999999 | AY151: ● | BA151: 9999999 | BE151: 9999999 | BI151: 9999999 | BM151: 決定 | BO151: 未承認 | BR151: □ | BT151: A9999999-01
D152: 15 | F152: 1234 | H152: XXXXX6 | K152: 12345 | N152: XXXXXXX8 | R152: 1234567-001 | W152: XXXXXXX8 | AA152: 12345683-02 | AF152: 2022/7/1 | AJ152: YYYYYYYYY1XXXXX6 | AQ152: XXXXXX05 | AU152: 9999999 | AY152: ● | BA152: 9999999 | BE152: 9999999 | BI152: 9999999 | BM152: 決定 | BO152: 未承認 | BR152: □ | BT152: A9999999-01
D153: 16 | F153: 1234 | H153: XXXXX6 | K153: 12345 | N153: XXXXXXX8 | R153: 1234567-001 | W153: XXXXXXX8 | AA153: 12345683-02 | AF153: 2022/7/1 | AJ153: YYYYYYYYY1XXXXX6 | AQ153: XXXXXX05 | AU153: 9999999 | AY153: ● | BA153: 9999999 | BE153: 9999999 | BI153: 9999999 | BM153: 決定 | BO153: 未承認 | BR153: □ | BT153: A9999999-01
D154: 17 | F154: 1234 | H154: XXXXX6 | K154: 12345 | N154: XXXXXXX8 | R154: 1234567-001 | W154: XXXXXXX8 | AA154: 12345683-02 | AF154: 2022/7/1 | AJ154: YYYYYYYYY1XXXXX6 | AQ154: XXXXXX05 | AU154: 9999999 | AY154: ● | BA154: 9999999 | BE154: 9999999 | BI154: 9999999 | BM154: 決定 | BO154: 未承認 | BR154: □ | BT154: A9999999-01
D155: 18 | F155: 1234 | H155: XXXXX6 | K155: 12345 | N155: XXXXXXX8 | R155: 1234567-001 | W155: XXXXXXX8 | AA155: 12345683-02 | AF155: 2022/7/1 | AJ155: YYYYYYYYY1XXXXX6 | AQ155: XXXXXX05 | AU155: 9999999 | AY155: ● | BA155: 9999999 | BE155: 9999999 | BI155: 9999999 | BM155: 決定 | BO155: 未承認 | BR155: □ | BT155: A9999999-01
D156: 19 | F156: 1234 | H156: XXXXX6 | K156: 12345 | N156: XXXXXXX8 | R156: 1234567-001 | W156: XXXXXXX8 | AA156: 12345683-02 | AF156: 2022/7/1 | AJ156: YYYYYYYYY1XXXXX6 | AQ156: XXXXXX05 | AU156: 9999999 | AY156: ● | BA156: 9999999 | BE156: 9999999 | BI156: 9999999 | BM156: 決定 | BO156: 未承認 | BR156: □ | BT156: A9999999-01
D157: 20 | F157: 1234 | H157: XXXXX6 | K157: 12345 | N157: XXXXXXX8 | R157: 1234567-001 | W157: XXXXXXX8 | AA157: 12345683-02 | AF157: 2022/7/1 | AJ157: YYYYYYYYY1XXXXX6 | AQ157: XXXXXX05 | AU157: 9999999 | AY157: ● | BA157: 9999999 | BE157: 9999999 | BI157: 9999999 | BM157: 決定 | BO157: 未承認 | BR157: □ | BT157: A9999999-01
D158: 21 | F158: 1234 | H158: XXXXX6 | K158: 12345 | N158: XXXXXXX8 | R158: 1234567-001 | W158: XXXXXXX8 | AA158: 12345683-02 | AF158: 2022/7/1 | AJ158: YYYYYYYYY1XXXXX6 | AQ158: XXXXXX05 | AU158: 9999999 | AY158: ● | BA158: 9999999 | BE158: 9999999 | BI158: 9999999 | BM158: 決定 | BO158: 未承認 | BR158: □ | BT158: A9999999-01
... D167: 30 | F167: 1234 | H167: XXXXX6 | K167: 12345 | N167: XXXXXXX8 | R167: 1234567-001 | W167: XXXXXXX8 | AA167: 12345683-02 | AF167: 2022/7/1 | AJ167: YYYYYYYYY1XXXXX6 | AQ167: XXXXXX05 | AU167: 9999999 | AY167: ● | BA167: 9999999 | BE167: 9999999 | BI167: 9999999 | BM167: 決定 | BO167: 未承認 | BR167: □ | BT167: A9999999-01
D168: 31 | F168: 1234 | H168: XXXXX6 | K168: 12345 | N168: XXXXXXX8 | R168: 1234567-001 | W168: XXXXXXX8 | AA168: 12345678-01 | AF168: 2022/7/1 | AJ168: XXXXXXXXX1XXXXX6 | AQ168: XXXXXXX8 | AU168: 9999999 | BA168: 9999999 | BE168: 9999999 | BI168: 9999999 | BM168: 通常 | BO168: 承認済 | BR168: □
D169: 32 | F169: 1234 | H169: XXXXX6 | K169: 12345 | N169: XXXXXXX8 | R169: 1234567-001 | W169: XXXXXXX8 | AA169: 12345678-02 | AF169: 2022/7/1 | AJ169: XXXXXXXXX1XXXXX6 | AQ169: XXXXXXX8 | AU169: 9999999 | BA169: 9999999 | BE169: 9999999 | BI169: 9999999 | BM169: 通常 | BO169: 承認済 | BR169: □
D170: 33 | F170: 1234 | H170: XXXXX6 | K170: 12345 | N170: XXXXXXX8 | R170: 1234567-001 | W170: XXXXXXX8 | AA170: 12345678-03 | AF170: 2022/7/1 | AJ170: XXXXXXXXX1XXXXX6 | AQ170: XXXXXXX8 | AU170: 9999999 | AY170: ● | BA170: 9999999 | BE170: 9999999 | BI170: 9999999 | BM170: 通常 | BO170: 承認済 | BR170: □ | BT170: A9999999-01
D171: 34 | F171: 1234 | H171: XXXXX6 | K171: 12345 | N171: XXXXXXX8 | R171: 1234567-001 | W171: XXXXXXX8 | AA171: 12345678-04 | AF171: 2022/7/1 | AJ171: XXXXXXXXX1XXXXX6 | AQ171: XXXXXXX8 | AU171: 9999999 | BA171: 9999999 | BE171: 9999999 | BI171: 9999999 | BM171: 通常 | BO171: 承認済 | BR171: □
D172: 35 | F172: 1234 | H172: XXXXX6 | K172: 12345 | N172: XXXXXXX8 | R172: 1234567-001 | W172: XXXXXXX8 | AA172: 12345678-05 | AF172: 2022/7/1 | AJ172: XXXXXXXXX1XXXXX6 | AQ172: XXXXXXX8 | AU172: 9999999 | BA172: 9999999 | BE172: 9999999 | BI172: 9999999 | BM172: 通常 | BO172: 承認済 | BR172: □
D173: 36 | F173: 1234 | H173: XXXXX6 | K173: 12345 | N173: XXXXXXX8 | R173: 1234567-001 | W173: XXXXXXX8 | AA173: 12345680-01 | AF173: 2022/7/1 | AJ173: YYYYYYYYY1XXXXX6 | AQ173: XXXXXX01 | AU173: 9999999 | AY173: ● | BA173: 9999999 | BE173: 9999999 | BI173: 9999999 | BM173: 決定 | BO173: 未承認 | BR173: □ | BT173: A9999999-01
D174: 37 | F174: 1234 | H174: XXXXX6 | K174: 12345 | N174: XXXXXXX8 | R174: 1234567-001 | W174: XXXXXXX8 | AA174: 12345681-01 | AF174: 2022/7/1 | AJ174: YYYYYYYYY1XXXXX6 | AQ174: XXXXXX02 | AU174: 9999999 | AY174: ● | BA174: 9999999 | BE174: 9999999 | BI174: 9999999 | BM174: 決定 | BO174: 未承認 | BR174: □ | BT174: A9999999-01
D175: 38 | F175: 1234 | H175: XXXXX6 | K175: 12345 | N175: XXXXXXX8 | R175: 1234567-001 | W175: XXXXXXX8 | AA175: 12345682-01 | AF175: 2022/7/1 | AJ175: YYYYYYYYY1XXXXX6 | AQ175: XXXXXX03 | AU175: 9999999 | AY175: ● | BA175: 9999999 | BE175: 9999999 | BI175: 9999999 | BM175: 決定 | BO175: 未承認 | BR175: □ | BT175: A9999999-01
D176: 39 | F176: 1234 | H176: XXXXX6 | K176: 12345 | N176: XXXXXXX8 | R176: 1234567-001 | W176: XXXXXXX8 | AA176: 12345683-01 | AF176: 2022/7/1 | AJ176: YYYYYYYYY1XXXXX6 | AQ176: XXXXXX04 | AU176: 9999999 | BA176: 9999999 | BE176: 9999999 | BI176: 9999999 | BM176: 通常 | BO176: 未承認 | BR176: □
D177: 40 | F177: 1234 | H177: XXXXX6 | K177: 12345 | N177: XXXXXXX8 | R177: 1234567-001 | W177: XXXXXXX8 | AA177: 12345683-02 | AF177: 2022/7/1 | AJ177: YYYYYYYYY1XXXXX6 | AQ177: XXXXXX05 | AU177: 9999999 | AY177: ● | BA177: 9999999 | BE177: 9999999 | BI177: 9999999 | BM177: 決定 | BO177: 未承認 | BR177: □ | BT177: A9999999-01

Sheet 旧レイアウト
A1: =表紙!A54 -> Webシステム | K1: 文書名 | U1: モジュールID | Z1: =表紙!$AJ$63 -> MS | AE1: モジュール名 | AJ1: =表紙!$AX$63 -> Webシステム | AS1: 文書番号 | AZ1: Version | BF1: Rev.
K2: =表紙!O64 -> アドオン設計書 | U2: ｻﾌﾞﾓｼﾞｭｰﾙID | Z2: =表紙!$AJ$64 -> MSBB | AE2: ｻﾌﾞﾓｼﾞｭｰﾙ名 | AJ2: =表紙!$AX$64 -> 販売Webシステム | AS2: =表紙!$BL$64 -> M7-US-1140 | AZ2: =表紙!$BU$64 -> 7.0.2 | BF2: =表紙!$CB$64 -> 3
K3: =RIGHT(CELL("filename",$A$1),LEN(CELL("filename",$A$1))-FIND("]",CELL("filename",$A$1))) -> 旧レイアウト | U3: 表題 | Z3: =表紙!$AJ$65 -> MSBBPA020 | AE3: =表紙!$AQ$65 -> Web見積計算書一覧照会
A5: 画面イメージ
B7: ≫凡例
Q8: ・・・ | S8: ボタン | AD8: 見積作成日 | AR8: ・・・ | AT8: カンレンダー形式
C9: 見積計算書№ | Q9: ・・・ | S9: 検索項目(検索画面表示選択)
C10: 品名 | Q10: ・・・ | S10: 入力項目
C11: 得意先 | Q11: ・・・ | S11: 表示項目(得意先名称、原紙名等)
C12: 操作種別 | I12: ●登録 | M12: ○訂正 | Q12: ・・・ | S12: 選択項目(一つのみ選択可能)
C13: 受注区分 | Q13: ・・・ | S13: 選択項目(一つのみ選択可能)
C14: 作業順 | I14: ☑AAA | M14: ☑BBB | Q14: ・・・ | S14: 選択項目(複数選択可能)
D20: 拠点 | BC20: * | BD20: あいまい検索可能
D21: 担当者
D23: 見積作成日 | P23: ~
D25: 見積計算書№
D26: 案件№ | J26: (案件名:オートフィルタ)
D27: 得意先 | J27: (得意先名:オートフィルタ)
D29: 刃渡り | P29: ~
D31: 品名 | AB31: * | AD31: FSC認証製品
D32: 受注区分 | R32: 製品区分
D33: 製品形状 | R33: 物流区分
D35: 印刷備考 | AB35: * | AD35: 製造備考 | BB35: *
D36: 横持備考 | AB36: * | AD36: 納入備考 | BB36: *
D37: 配車備考 | AB37: * | AD37: 伝票備考 | BB37: *
D39: ステータス | J39: □一時保存 | O39: □未受注 | T39: □受注済 | AD39: 並び順 | AJ39: 見積作成日 | AQ39: ○昇順 | AU39: ●降順
D44: № | F44: ステータス | I44: 案件№ | N44: 見積計算書№ | S44: 見積作成日 | W44: 得意先 | AB44: 製品区分 | AF44: 品名 | AK44: 見積り数 | AO44: 見積平米 | AS44: ㎡単価 | AW44: 金額 | BA44: 計算書
D45: 1 | AB45: 加工 | BA45: ☑
D46: 2 | F46: 受注済 | BA46: ☑
D47: 3 | BA47: ☑
D48: 4 | BA48: ☑
D49: 5 | F49: 受注済 | BA49: ☑
D50: 6 | BA50: □
D51: 7 | F51: 受注済 | BA51: □
D52: 8 | F52: 受注済 | BA52: □
D53: 9 | BA53: □
D54: 10 | F54: 受注済 | BA54: □
F62: ・・・ | H62: 参照モードで、「見積計算書」画面へ遷移
F65: ・・・ | H65: 訂正モードで、「見積計算書」画面へ遷移
F68: ・・・ | H68: 削除モードで、「見積計算書」画面へ遷移
F71: ・・・ | H71: 過去見積・テンプレート見積を引用する場合に使用。過去見積・テンプレート見積をコピーし、新規登録。
C75: 計算書 | F75: ・・・ | H75: 見積計算書出力対象に☑する。
C76: ☑
C77: ☑
C78: ☑
C79: ☑
C80: ☑
J82: ・・・ | L82: ☑された見積計算書を一括出力

Sheet 項目説明
A1: =表紙!A54 -> Webシステム | K1: 文書名 | U1: モジュールID | Z1: =表紙!$AJ$63 -> MS | AE1: モジュール名 | AJ1: =表紙!$AX$63 -> Webシステム | AS1: 文書番号 | AZ1: Version | BF1: Rev.
K2: =表紙!O64 -> アドオン設計書 | U2: ｻﾌﾞﾓｼﾞｭｰﾙID | Z2: =表紙!$AJ$64 -> MSBB | AE2: ｻﾌﾞﾓｼﾞｭｰﾙ名 | AJ2: =表紙!$AX$64 -> 販売Webシステム | AS2: =表紙!$BL$64 -> M7-US-1140 | AZ2: =表紙!$BU$64 -> 7.0.2 | BF2: =表紙!$CB$64 -> 3
K3: =RIGHT(CELL("filename",$A$1),LEN(CELL("filename",$A$1))-FIND("]",CELL("filename",$A$1))) -> 項目説明 | U3: 表題 | Z3: =表紙!$AJ$65 -> MSBBPA020 | AE3: =表紙!$AQ$65 -> Web見積計算書一覧照会
A5: 見積計算書一覧照会
B6: 抽出条件 | N6: 説明 | BE6: Ｗ | BF6: 型 | BG6: 参 | BH6: 必 | BI6: 入 | BJ6: 非 | BK6: 検
A7: 〇 | B7: 拠点 | M7: 【MSBBPACOM】_共通設計書_アドオン(共通ロジック)にて定義 | BE7: C | BF7: S
A8: 〇 | B8: 得意先 | M8: 【MSBBPACOM】_共通設計書_アドオン(共通ロジック)にて定義 | BE8: A | BF8: S | BK8: 検
A9: 〇 | B9: 見積担当者 | M9: 【MSBBPACOM】_共通設計書_アドオン(共通ロジック)にて定義 | BE9: C | BF9: S
A10: 〇 | B10: 案件No | M10: 【MSBBPACOM】_共通設計書_アドオン(共通ロジック)にて定義 | BE10: A | BF10: S | BK10: 検
A11: 〇 | B11: 顧客品名1 | M11: 抽出条件として、顧客品名1を入力する | AZ11: あいまい検索可 | BE11: T | BF11: S
A12: 〇 | B12: 顧客品名2 | M12: 抽出条件として、顧客品名2を入力する | AZ12: あいまい検索可 | BE12: T | BF12: S
A13: 〇 | B13: 見積作成日(From) | M13: 抽出条件として、見積作成日(From)を入力する | BE13: カ | BF13: D
A14: 〇 | B14: 見積作成日(To) | M14: 抽出条件として、見積作成日(To)を入力する | BE14: カ | BF14: D
A15: 〇 | B15: 見積計算書NO(From) | M15: 抽出条件として、見積計算書NO(From)を入力する | BE15: T | BF15: S
A16: 〇 | B16: 見積計算書NO(To) | M16: 抽出条件として、見積計算書NO(To)を入力する | BE16: T | BF16: S
A17: 〇 | B17: 受注区分 | M17: 【MSBBPACOM】_共通設計書_アドオン(共通ロジック)にて定義 | BE17: C | BF17: S
A18: 〇 | B18: 製品区分_大 | M18: 【MSBBPACOM】_共通設計書_アドオン(共通ロジック)にて定義 | BE18: C | BF18: S
A19: 〇 | B19: 製品区分_中 | M19: 【MSBBPACOM】_共通設計書_アドオン(共通ロジック)にて定義 | BE19: C | BF19: S
A20: 〇 | B20: 製品区分_小 | M20: 【MSBBPACOM】_共通設計書_アドオン(共通ロジック)にて定義 | BE20: C | BF20: S
A21: 〇 | B21: 親子区分 | M21: 【MSBBPACOM】_共通設計書_アドオン(共通ロジック)にて定義 | BE21: C | BF21: S
A22: 〇 | B22: FSC認証区分 | G22: FSC製品区分 | M22: 【MSBBPACOM】_共通設計書_アドオン(共通ロジック)にて定義 | BE22: C | BF22: S
A23: 〇 | B23: FSC材質区分 | M23: 【MSBBPACOM】_共通設計書_アドオン(共通ロジック)にて定義 | BE23: C | BF23: S
A24: 〇 | B24: シート段 | M24: 【MSBBPACOM】_共通設計書_アドオン(共通ロジック)にて定義 | BE24: C | BF24: S
A25: 〇 | B25: 原紙コード(表) | M25: 【MSBBPACOM】_共通設計書_アドオン(共通ロジック)にて定義 | BE25: A | BF25: S | BJ25: 検
A26: 〇 | B26: 印刷コード(表) | M26: 【MSBBPACOM】_共通設計書_アドオン(共通ロジック)にて定義 | BE26: A | BF26: S | BJ26: 検
A27: 〇 | B27: エンボスコード(表) | M27: 【MSBBPACOM】_共通設計書_アドオン(共通ロジック)にて定義 | BE27: A | BF27: S | BJ27: 検
A28: 〇 | B28: メーカコード(表) | M28: 【MSBBPACOM】_共通設計書_アドオン(共通ロジック)にて定義 | BE28: A | BF28: S | BJ28: 検
B30: 抽出条件 - 詳細検索 | N30: 説明 | BE30: Ｗ | BF30: 型 | BG30: 参 | BH30: 必 | BI30: 入 | BJ30: 非 | BK30: 検
A31: 〇 | B31: 詳細検索(+/-) | M31: 詳細検索領域を+時…開く、-時…閉じる | AA31: 原紙コード(中)～出荷備考2までの領域の表示/非表示 | AS31: ※初期は閉じた状態(折り畳み)とする
A32: 〇 | B32: 原紙コード(中) | M32: 【MSBBPACOM】_共通設計書_アドオン(共通ロジック)にて定義 | BE32: A | BF32: S | BJ32: 検
A33: 〇 | B33: 印刷コード(中) | M33: 【MSBBPACOM】_共通設計書_アドオン(共通ロジック)にて定義 | BE33: A | BF33: S | BJ33: 検
A34: 〇 | B34: エンボスコード(中) | M34: 【MSBBPACOM】_共通設計書_アドオン(共通ロジック)にて定義 | BE34: A | BF34: S | BJ34: 検
A35: 〇 | B35: メーカコード(中) | M35: 【MSBBPACOM】_共通設計書_アドオン(共通ロジック)にて定義 | BE35: A | BF35: S | BJ35: 検
A36: 〇 | B36: 原紙コード(裏) | M36: 【MSBBPACOM】_共通設計書_アドオン(共通ロジック)にて定義 | BE36: A | BF36: S | BJ36: 検
A37: 〇 | B37: 印刷コード(裏) | M37: 【MSBBPACOM】_共通設計書_アドオン(共通ロジック)にて定義 | BE37: A | BF37: S | BJ37: 検
A38: 〇 | B38: エンボスコード(裏) | M38: 【MSBBPACOM】_共通設計書_アドオン(共通ロジック)にて定義 | BE38: A | BF38: S | BJ38: 検
A39: 〇 | B39: メーカコード(裏) | M39: 【MSBBPACOM】_共通設計書_アドオン(共通ロジック)にて定義 | BE39: A | BF39: S | BJ39: 検
A40: 〇 | B40: 製品形状 | M40: 【MSBBPACOM】_共通設計書_アドオン(共通ロジック)にて定義 | BE40: C | BF40: S
A41: 〇 | B41: 物流区分 | M41: 【MSBBPACOM】_共通設計書_アドオン(共通ロジック)にて定義 | BE41: C | BF41: S
A42: 〇 | B42: 刃渡り_巾 | M42: 抽出条件として、刃渡り_巾を入力する | BE42: T | BF42: N
A43: 〇 | B43: 刃渡り_流れ | M43: 抽出条件として、刃渡り_流れを入力する | BE43: T | BF43: N
A44: 〇 | B44: シート寸法_巾 | M44: 抽出条件として、シート寸法_巾を入力する | BE44: T | BF44: N
A45: 〇 | B45: シート寸法_流れ | M45: 抽出条件として、シート寸法_流れを入力する | BE45: T | BF45: N
A46: 〇 | B46: 印刷備考 | M46: 抽出条件として、印刷備考を入力する | AZ46: あいまい検索可 | BE46: T | BF46: S
A47: 〇 | B47: 製造備考 | M47: 抽出条件として、製造備考を入力する | AZ47: あいまい検索可 | BE47: T | BF47: S
A48: 〇 | B48: 伝票備考 | M48: 抽出条件として、伝票備考を入力する | AZ48: あいまい検索可 | BE48: T | BF48: S
A49: 〇 | B49: 納入備考 | M49: 抽出条件として、納入備考を入力する | AZ49: あいまい検索可 | BE49: T | BF49: S
A50: 〇 | B50: 出荷備考1 | M50: 抽出条件として、出荷備考1を入力する | AZ50: あいまい検索可 | BE50: T | BF50: S
A51: 〇 | B51: 出荷備考2 | M51: 抽出条件として、出荷備考2を入力する | AZ51: あいまい検索可 | BE51: T | BF51: S
B53: 抽出条件 - FLG関連 | N53: 説明 | BE53: Ｗ | BF53: 型 | BG53: 参 | BH53: 必 | BI53: 入 | BJ53: 非 | BK53: 検
A54: 〇 | B54: 決定予想 | M54: □決定予想のみ | AS54: 初期値☑有 | BE54: チ | BF54: F
A55: 〇 | B55: 見積区分 | M55: □通常、□決定 | AS55: 初期値☑有 | BE55: チ | BF55: F
A56: 〇 | B56: ステータス | M56: □未承認、□承認済、□受注済、□マスタ採用済 | AS56: 初期値☑有 | BE56: チ | BF56: F
B58: 見積計算書一覧 | N58: 説明 | BE58: Ｗ | BF58: 型 | BG58: 参 | BH58: 必 | BI58: 入 | BJ58: 非 | BK58: 検
B59: NO | M59: 行番を表示 | BE59: T | BF59: N
B60: 担当 | M60: 担当を表示 | BE60: T | BF60: S
B61: 担当者名 | M61: 担当者名を表示 | BE61: T | BF61: S
B62: 得意先 | M62: 得意先を表示 | BE62: T | BF62: S
B63: 得意先名 | M63: 得意先名を表示 | BE63: T | BF63: S
B64: 案件NO | M64: 案件NOを表示(親+子+部材) | BE64: T | BF64: S | BN64: Rev2.0 説明変更 (親+子+部材)追加
B65: 案件名 | M65: 案件名を表示 | BE65: T | BF65: S
B66: 見積計算書NO | M66: 見積計算書NOを表示 | BE66: T | BF66: S
B67: 見積作成日 | M67: 見積作成日を表示 | BE67: T | BF67: D
B68: 顧客品名1 | M68: 顧客品名1を表示 | BE68: T | BF68: S
B69: 顧客品名2 | M69: 顧客品名2を表示 | BE69: T | BF69: S
B70: 見積数 | M70: 見積数を表示 | BE70: T | BF70: N
B71: 決定予想 | M71: 決定予想を表示 | BE71: T | BF71: S
B72: 見積平米 | M72: 見積平米を表示 | BE72: T | BF72: N
B73: ㎡単価 | M73: ㎡単価を表示 | U73: 決定単価を表示 | BE73: T | BF73: N
B74: 金額 | M74: 金額を表示 | U74: 決定金額を表示 | BE74: T | BF74: N
B75: 値引率 | M75: 値引率を表示 | U75: ①値引き率が-20%以下の時、青字で表示 | BE75: T | BF75: N | BN75: Rev2.0 項目追加、説明追加
B76: 見積区分 | M76: 見積区分を表示 | U76: ②見積区分が「決定」の時、赤字で表示 | BE76: T | BF76: S | BN76: Rev2.0 項目追加、説明追加
B77: ステータス | M77: ステータスを表示 | BE77: T | BF77: S
A78: ● | B78: 発行 | M78: 見積計算書を出力する場合にチェックする | BE78: チ | BF78: F
B79: 製品コード | M79: 製品コードを表示 | BE79: T | BF79: S
B80: 共通項目 | BE80: Ｗ | BF80: 型 | BG80: 参 | BH80: 必 | BI80: 入 | BJ80: 非 | BK80: 検
B81: 全選択 | M81: 見積計算書一覧の発行チェックを全てチェック=ONとする | BE81: チ | BF81: F
B82: 全解除 | M82: 見積計算書一覧の発行チェックを全てチェック=OFFとする | BE82: チ | BF82: F
B84: フッター | N84: 説明 | BE84: Ｗ | BF84: 型 | BG84: 参 | BH84: 必 | BI84: 入 | BJ84: 非 | BK84: 検
B85: クリア | M85: 画面を初期化する | BE85: B
B86: 表示 | M86: 抽出条件をもとに見積計算書一覧に結果を表示する | BE86: B
B87: 見積詳細 | M87: 見積計算書入力画面の「3ページ目：計算結果画面」に遷移する(参照モードで遷移する) | BE87: B
B88: 見積計算書 | M88: 見積計算書一覧の発行にチェックされたデータを帳票「見積計算書」として出力する | BE88: B
B89: CSV出力 | M89: 見積計算書一覧のデータをCSV出力する | BE89: B
B90: 選択 | M90: 検索モードで開いた場合に選択結果を遷移元画面に返す(見積計算書) | BE90: B

Sheet 引数説明
A1: =表紙!A54 -> Webシステム | K1: 文書名 | U1: モジュールID | Z1: =表紙!$AJ$63 -> MS | AE1: モジュール名 | AJ1: =表紙!$AX$63 -> Webシステム | AS1: 文書番号 | AZ1: Version | BF1: Rev.
K2: =表紙!O64 -> アドオン設計書 | U2: ｻﾌﾞﾓｼﾞｭｰﾙID | Z2: =表紙!$AJ$64 -> MSBB | AE2: ｻﾌﾞﾓｼﾞｭｰﾙ名 | AJ2: =表紙!$AX$64 -> 販売Webシステム | AS2: =表紙!$BL$64 -> M7-US-1140 | AZ2: =表紙!$BU$64 -> 7.0.2 | BF2: =表紙!$CB$64 -> 3
K3: =RIGHT(CELL("filename",$A$1),LEN(CELL("filename",$A$1))-FIND("]",CELL("filename",$A$1))) -> 引数説明 | U3: 表題 | Z3: =表紙!$AJ$65 -> MSBBPA020 | AE3: =表紙!$AQ$65 -> Web見積計算書一覧照会
B5: オペレーションＩＤ/名称：SloRecvIfImp_Upd01/取込
A6: 必 | B6: 項目名 | N6: 説明 | AS6: 未設定時の振る舞い

Sheet 処理概要
A1: =表紙!A54 -> Webシステム | K1: 文書名 | U1: モジュールID | Z1: =表紙!$AJ$63 -> MS | AE1: モジュール名 | AJ1: =表紙!$AX$63 -> Webシステム | AS1: 文書番号 | AZ1: Version | BF1: Rev.
K2: =表紙!O64 -> アドオン設計書 | U2: ｻﾌﾞﾓｼﾞｭｰﾙID | Z2: =表紙!$AJ$64 -> MSBB | AE2: ｻﾌﾞﾓｼﾞｭｰﾙ名 | AJ2: =表紙!$AX$64 -> 販売Webシステム | AS2: =表紙!$BL$64 -> M7-US-1140 | AZ2: =表紙!$BU$64 -> 7.0.2 | BF2: =表紙!$CB$64 -> 3
K3: =RIGHT(CELL("filename",$A$1),LEN(CELL("filename",$A$1))-FIND("]",CELL("filename",$A$1))) -> 処理概要 | U3: 表題 | Z3: =表紙!$AJ$65 -> MSBBPA020 | AE3: =表紙!$AQ$65 -> Web見積計算書一覧照会
A5: No | B5: 入力 | J5: 処理 | BD5: 出力
A6: 1 | B6: 初期表示
J7: 1.処理概要
K8: 初期表示
L9: 拠点 | Q9: ： | R9: ログインに紐づく拠点CDを表示する
R10: ログイン.管理者区分 = 0(一般ユーザー時)、変更不可とする
L11: 担当者 | Q11: ： | R11: ログイン担当者CDを表示する
L12: 見積作成日 | Q12: ： | R12: 見積作成日Fromに当日 - ログインマスタ.初期表示をセット、Toに当日をセットする
L13: 表示処理 | Q13: ： | R13: 抽出条件をもとに見積計算書一覧に結果を表示する | BD13: 検索入出力仕様.NO1
L15: フッターボタン表示・非表示切替
M16: メニューから呼び出された場合(照会画面モード) | AC16: ・・・ | AE16: 見積詳細ボタンを表示、選択ボタンを非表示とする
M17: 検索画面として呼び出された場合(検索画面モード) | AC17: ・・・ | AE17: 見積詳細ボタンを非表示、選択ボタンを表示とする
M18: 例)検索画面モード:Web見積計算書入力から検索画面として呼び出され、選択行を返す場合
A20: 2 | B20: 画面操作
J21: 1.処理概要
K22: ボタン処理
L23: クリアボタン押下 | U23: ： | V23: 画面を初期化する(起動時の状態とする)
L25: 表示ボタン押下 | U25: ： | V25: チェック処理にてエラーとなった場合、後続処理をキャンセルする
L26: (チェック処理) | W26: FROM～TOの整合性チェック | AH26: … | AI26: エラーメッセージ：FROM≦TOの関係で指定してください。 | BD26: メッセージID.001
W27: チェックボックスチェック有無 | AH27: … | AI27: エラーメッセージ：いずれかを選択してください。 | BD27: メッセージID.002
L29: 表示ボタン押下 | U29: ： | V29: 抽出条件をもとに見積計算書一覧に結果を表示する | BD29: 検索入出力仕様.NO1
W30: データ取得できなかった場合、下記メッセージを表示
W31: エラーメッセージ：検索結果がありません。 | BD31: メッセージID.003
L33: 見積計算書発行ボタン押下 | U33: ： | V33: 見積計算書一覧の発行にチェックされたデータを帳票「見積計算書」として出力する
W34: 発行☑が1行もチェックされていない場合、下記メッセージを表示
W35: エラーメッセージ：発行対象がありません。 | BD35: メッセージID.004
U36: ※帳票出力は、【MSBBRA010】_帳票設計書_アドオン(見積計算書)を参照
L38: CSV出力 | U38: ： | V38: 見積計算書一覧のデータをCSV出力する | BD38: ファイル入出力仕様.NO1
U39: ※1 CSV出力定義とファイル名は、【MSBBPACOM】_共通設計書_アドオン(共通ロジック)にて定義
U40: ※2 画面に表示されたデータがCSVとして出力される
BM41: 事前指摘
L42: 見積詳細ボタン押下 | U42: ： | V42: 見積計算書入力画面の「3ページ目：計算結果画面」に遷移する(操作種別:参照で遷移する)
W43: 一覧にデータが無いもしくは対象行が選択されてない場合、下記メッセージを表示 | BM43: CP指摘 2022/09/28 木﨑 選択した詳細画面へ遷移なら一覧にチェックボックス等の選択用項目が必要かと思います。(何を選択中か分からない。選択した行はハイライト表示ですか？)また[選択]→[詳細表示]ですと２ステップの操作になるので、各行の先頭に受注詳細ボタを設けた方が操作性は良いかと思います。(スクロール時は固定)
W44: エラーメッセージ：選択行がありません。 | BD44: メッセージID.005 | BN44: MDSOL 野村 2022/10/25 選択行となります。初期想定は、一覧にて選択ボタンを設けておりましたが、打合せによりフッターにボタンを集約することになりました。 | DI44: 2022/10/27 落合 問題なし
U45: → 選択行の見積計算書NOをキーに見積計算書のデータを参照する | BD45: 画面遷移.S01.NO1
L47: 選択 | U47: ： | V47: 検索モードで開いた場合に選択結果(1行)を遷移元画面に返す | BM47: CP指摘 2022/09/28 木﨑 選択ボタンは各行の先頭に設けた方が操作性は良くなると思います。
W48: 一覧にデータが無いもしくは対象行が選択されてない場合、下記メッセージを表示 | BN48: MDSOL 野村 2022/10/25 打合せにより、フッターにボタンを集めることになりました。 | CN48: 2022/10/27 落合 問題なし
W49: エラーメッセージ：選択行がありません。 | BD49: メッセージID.005
U50: ※1 選択された見積計算書の1レコードを呼出元に返す
U51: ※2 複数選択は許可しない

Sheet 処理・サービス関連図
A1: =表紙!A54 -> Webシステム | K1: 文書名 | U1: モジュールID | Z1: =表紙!$AJ$63 -> MS | AE1: モジュール名 | AJ1: =表紙!$AX$63 -> Webシステム | AS1: 文書番号 | AZ1: Version | BF1: Rev.
K2: =表紙!O64 -> アドオン設計書 | U2: ｻﾌﾞﾓｼﾞｭｰﾙID | Z2: =表紙!$AJ$64 -> MSBB | AE2: ｻﾌﾞﾓｼﾞｭｰﾙ名 | AJ2: =表紙!$AX$64 -> 販売Webシステム | AS2: =表紙!$BL$64 -> M7-US-1140 | AZ2: =表紙!$BU$64 -> 7.0.2 | BF2: =表紙!$CB$64 -> 3
K3: =RIGHT(CELL("filename",$A$1),LEN(CELL("filename",$A$1))-FIND("]",CELL("filename",$A$1))) -> 処理・サービス関連図 | U3: 表題 | Z3: =表紙!$AJ$65 -> MSBBPA020 | AE3: =表紙!$AQ$65 -> Web見積計算書一覧照会
C7: 検索処理

Sheet 処理詳細
A1: =表紙!A54 -> Webシステム | K1: 文書名 | U1: モジュールID | Z1: =表紙!$AJ$63 -> MS | AE1: モジュール名 | AJ1: =表紙!$AX$63 -> Webシステム | AS1: 文書番号 | AZ1: Version | BF1: Rev.
K2: =表紙!O64 -> アドオン設計書 | U2: ｻﾌﾞﾓｼﾞｭｰﾙID | Z2: =表紙!$AJ$64 -> MSBB | AE2: ｻﾌﾞﾓｼﾞｭｰﾙ名 | AJ2: =表紙!$AX$64 -> 販売Webシステム | AS2: =表紙!$BL$64 -> M7-US-1140 | AZ2: =表紙!$BU$64 -> 7.0.2 | BF2: =表紙!$CB$64 -> 3
K3: =RIGHT(CELL("filename",$A$1),LEN(CELL("filename",$A$1))-FIND("]",CELL("filename",$A$1))) -> 処理詳細 | U3: 表題 | Z3: =表紙!$AJ$65 -> MSBBPA020 | AE3: =表紙!$AQ$65 -> Web見積計算書一覧照会
A5: No | B5: 入力 | J5: 処理 | BD5: 出力
A6: 1 | B6: 初期表示
J7: 1.1 | L7: 処理概要参照
A10: 2 | B10: 画面操作
J11: 2.1 | L11: 処理概要参照
J13: 2.2 | L13: [抽出条件 - 詳細検索].詳細検索(+/-)押す
L14: 2.2.1 | O14: 初期は閉じた状態(折り畳み)とする
L16: 2.2.2 | O16: 詳細検索領域を+時…開く、-時…閉じる
A19: 3 | B19: 検索
J20: 3.1 | L20: コンボボックスの初期化
L21: 拠点コンボボックスの初期化
M22: ※ | N22: 拠点検索_SQLリソースの検索仕様
N23: 【MSBBPACOM】_共通設計書_アドオン(Web共通ロジック)の「処理詳細(共通検索)」シート」を参照する。
L25: 見積担当者コンボボックスの初期化
M26: ※ | N26: 見積担当者検索_SQLリソースの検索仕様
N27: 【MSBBPACOM】_共通設計書_アドオン(Web共通ロジック)の「処理詳細(共通検索)」シート」を参照する。
L29: 受注区分コンボボックスの初期化
M30: ※ | N30: 受注区分検索_SQLリソースの検索仕様
N31: 【MSBBPACOM】_共通設計書_アドオン(Web共通ロジック)の「処理詳細(共通検索)」シート」を参照する。
L33: 製品区分(大)コンボボックスの初期化
M34: ※ | N34: 製品区分(大)検索_SQLリソースの検索仕様
N35: 【MSBBPACOM】_共通設計書_アドオン(Web共通ロジック)の「処理詳細(共通検索)」シート」を参照する。
L37: 製品区分(中)コンボボックスの初期化
M38: ※ | N38: 製品区分(中)検索_SQLリソースの検索仕様
N39: 【MSBBPACOM】_共通設計書_アドオン(Web共通ロジック)の「処理詳細(共通検索)」シート」を参照する。
L41: 製品区分(小)コンボボックスの初期化
M42: ※ | N42: 製品区分(小)検索_SQLリソースの検索仕様
N43: 【MSBBPACOM】_共通設計書_アドオン(Web共通ロジック)の「処理詳細(共通検索)」シート」を参照する。
L45: 親子区分コンボボックスの初期化
M46: ※ | N46: 親子区分検索_SQLリソースの検索仕様
N47: 【MSBBPACOM】_共通設計書_アドオン(Web共通ロジック)の「処理詳細(共通検索)」シート」を参照する。
L49: FSC製品区分コンボボックスの初期化
M50: ※ | N50: FSC製品区分検索_SQLリソースの検索仕様
N51: 【MSBBPACOM】_共通設計書_アドオン(Web共通ロジック)の「処理詳細(共通検索)」シート」を参照する。
L53: FSC材質区分コンボボックスの初期化
M54: ※ | N54: FSC材質区分検索_SQLリソースの検索仕様
N55: 【MSBBPACOM】_共通設計書_アドオン(Web共通ロジック)の「処理詳細(共通検索)」シート」を参照する。
L57: シート段コンボボックスの初期化
M58: ※ | N58: シート段検索_SQLリソースの検索仕様
N59: 【MSBBPACOM】_共通設計書_アドオン(Web共通ロジック)の「処理詳細(共通検索)」シート」を参照する。
L61: 製品形状コンボボックスの初期化
M62: ※ | N62: 製品形状検索_SQLリソースの検索仕様
N63: 【MSBBPACOM】_共通設計書_アドオン(Web共通ロジック)の「処理詳細(共通検索)」シート」を参照する。
L65: 物流区分コンボボックスの初期化
M66: ※ | N66: 物流区分検索_SQLリソースの検索仕様
N67: 【MSBBPACOM】_共通設計書_アドオン(Web共通ロジック)の「処理詳細(共通検索)」シート」を参照する。
J69: 3.2 | L69: 得意先の検索ボタン処理
L70: 得意先検索のポップアップ画面へを遷移して、抽出条件をもとに結果を表示したところ、結果を表示したところ、
L71: 選択結果(1行)を遷移元画面（本画面の得意先NO、得意先名を設定）に返す
M73: ※ | N73: 得意先検索_SQLリソースの検索仕様
N74: 【MSBBPACOM】_共通設計書_アドオン(Web共通ロジック)の「処理詳細(共通検索)」シート」を参照する。
J76: 3.3 | L76: 案件NOの検索ボタン処理
L77: 案件NO検索のポップアップ画面へを遷移して、抽出条件をもとに結果を表示したところ、結果を表示したところ、
L78: 選択結果(1行)を遷移元画面（本画面の案件NO、案件名を設定）に返す
M80: ※ | N80: 案件NO検索_SQLリソースの検索仕様
N81: 【MSBBPACOM】_共通設計書_アドオン(Web共通ロジック)の「処理詳細(共通検索)」シート」を参照する。
J83: 3.4 | L83: 原紙コード(表)の検索ボタン処理
L84: 原紙コード(表)検索のポップアップ画面へを遷移して、抽出条件をもとに結果を表示したところ、結果を表示したところ、
L85: 選択結果(1行)を遷移元画面（本画面の原紙コード(表)、原紙名(表)を設定）に返す
M87: ※ | N87: 原紙コード(表)検索_SQLリソースの検索仕様
N88: 【MSBBPACOM】_共通設計書_アドオン(Web共通ロジック)の「処理詳細(共通検索)」シート」を参照する。
J90: 3.5 | L90: 原紙コード(中)の検索ボタン処理
L91: 原紙コード(中)検索のポップアップ画面へを遷移して、抽出条件をもとに結果を表示したところ、結果を表示したところ、
L92: 選択結果(1行)を遷移元画面（本画面の原紙コード(中)、原紙名(中)を設定）に返す
M94: ※ | N94: 原紙コード(中)検索_SQLリソースの検索仕様
N95: 【MSBBPACOM】_共通設計書_アドオン(Web共通ロジック)の「処理詳細(共通検索)」シート」を参照する。
J97: 3.6 | L97: 原紙コード(裏)の検索ボタン処理
L98: 原紙コード(裏)検索のポップアップ画面へを遷移して、抽出条件をもとに結果を表示したところ、結果を表示したところ、
L99: 選択結果(1行)を遷移元画面（本画面の原紙コード(裏)、原紙名(裏)を設定）に返す
M101: ※ | N101: 原紙コード(裏)検索_SQLリソースの検索仕様
N102: 【MSBBPACOM】_共通設計書_アドオン(Web共通ロジック)の「処理詳細(共通検索)」シート」を参照する。
J104: 3.7 | L104: 印刷コード(表)の検索ボタン処理
L105: 印刷コード(表)検索のポップアップ画面へを遷移して、抽出条件をもとに結果を表示したところ、結果を表示したところ、
L106: 選択結果(1行)を遷移元画面（本画面の印刷コード(表)、印刷名(表)を設定）に返す
M108: ※ | N108: 印刷コード(表)検索_SQLリソースの検索仕様
N109: 【MSBBPACOM】_共通設計書_アドオン(Web共通ロジック)の「処理詳細(共通検索)」シート」を参照する。
J111: 3.8 | L111: 印刷コード(中)の検索ボタン処理
L112: 印刷コード(中)検索のポップアップ画面へを遷移して、抽出条件をもとに結果を表示したところ、結果を表示したところ、
L113: 選択結果(1行)を遷移元画面（本画面の印刷コード(中)、印刷名(中)を設定）に返す
M115: ※ | N115: 印刷コード(中)検索_SQLリソースの検索仕様
N116: 【MSBBPACOM】_共通設計書_アドオン(Web共通ロジック)の「処理詳細(共通検索)」シート」を参照する。
J118: 3.9 | L118: 印刷コード(裏)の検索ボタン処理
L119: 印刷コード(裏)検索のポップアップ画面へを遷移して、抽出条件をもとに結果を表示したところ、結果を表示したところ、
L120: 選択結果(1行)を遷移元画面（本画面の印刷コード(裏)、印刷名(裏)を設定）に返す
M122: ※ | N122: 印刷コード(裏)検索_SQLリソースの検索仕様
N123: 【MSBBPACOM】_共通設計書_アドオン(Web共通ロジック)の「処理詳細(共通検索)」シート」を参照する。
J124: 3.10 | L124: エンボスコード(表)の検索ボタン処理
L125: エンボスコード(表)検索のポップアップ画面へを遷移して、抽出条件をもとに結果を表示したところ、結果を表示したところ、
L126: 選択結果(1行)を遷移元画面（本画面のエンボスコード(表)、エンボス名(表)を設定）に返す
M128: ※ | N128: エンボスコード(表)検索_SQLリソースの検索仕様
N129: 【MSBBPACOM】_共通設計書_アドオン(Web共通ロジック)の「処理詳細(共通検索)」シート」を参照する。
J131: 3.11 | L131: エンボスコード(中)の検索ボタン処理
L132: エンボスコード(中)検索のポップアップ画面へを遷移して、抽出条件をもとに結果を表示したところ、結果を表示したところ、
L133: 選択結果(1行)を遷移元画面（本画面のエンボスコード(中)、エンボス名(中)を設定）に返す
M135: ※ | N135: エンボスコード(中)検索_SQLリソースの検索仕様
N136: 【MSBBPACOM】_共通設計書_アドオン(Web共通ロジック)の「処理詳細(共通検索)」シート」を参照する。
J138: 3.12 | L138: エンボスコード(裏)の検索ボタン処理
...

Sheet 画面項目制御
J2: 操作種別 | O2: 検索 | S2: R | U2: 有効(必須)
B3: 画面項目 | S3: E | U3: 有効
B4: 抽出条件 | G4: 拠点 | O4: E/RO | S4: RO | U4: 読取のみ
G5: 得意先 | O5: E | S5: D | U5: 無効
G6: 見積担当者 | O6: E | S6: I | U6: 非表示
G7: 案件No | O7: E
G8: 顧客品名1 | O8: E
G9: 顧客品名2 | O9: E
G10: 見積作成日(From) | O10: E
G11: 見積作成日(To) | O11: E
G12: 見積計算書NO(From) | O12: E
G13: 見積計算書NO(To) | O13: E
G14: 受注区分 | O14: E
G15: 製品区分_大 | O15: E
G16: 製品区分_中 | O16: E
G17: 製品区分_小 | O17: E
G18: 親子区分 | O18: E
... G25: メーカコード(表) | O25: E
B26: 抽出条件 - 詳細検索 | G26: 詳細検索(+/-) | O26: E
G27: 原紙コード(中) | O27: E
G28: 印刷コード(中) | O28: E
G29: エンボスコード(中) | O29: E
G30: メーカコード(中) | O30: E
G31: 原紙コード(裏) | O31: E
G32: 印刷コード(裏) | O32: E
G33: エンボスコード(裏) | O33: E
G34: メーカコード(裏) | O34: E
G35: 製品形状 | O35: E
G36: 物流区分 | O36: E
G37: 刃渡り_巾 | O37: E
G38: 刃渡り_流れ | O38: E
... G46: 出荷備考2 | O46: E
B47: 抽出条件 - FLG関連 | G47: 決定予想 | O47: E
G48: 見積区分 | O48: E
G49: ステータス | O49: E
B50: 見積計算書一覧 | G50: NO | O50: RO
G51: 担当 | O51: RO
G52: 担当者名 | O52: RO
G53: 得意先 | O53: RO
G54: 得意先名 | O54: RO
G55: 案件NO | O55: RO
G56: 案件名 | O56: RO
G57: 見積計算書NO | O57: RO
G58: 見積作成日 | O58: RO
G59: 顧客品名1 | O59: RO
G60: 顧客品名2 | O60: RO
G61: 見積数 | O61: RO
G62: 決定予想 | O62: RO
... G70: 製品コード | O70: RO
B71: 共通項目 | G71: 全選択 | O71: E
G72: 全解除 | O72: E
B73: フッター | G73: クリア | O73: E
G74: 表示 | O74: E
G75: 見積詳細 | O75: E/I
G76: 見積計算書 | O76: E
G77: CSV出力 | O77: E
G78: 選択 | O78: I/E

Sheet 検索入出力仕様
A1: =表紙!A54 -> Webシステム | K1: 文書名 | U1: モジュールID | Z1: =表紙!$AJ$63 -> MS | AE1: モジュール名 | AJ1: =表紙!$AX$63 -> Webシステム | AS1: 文書番号 | AZ1: Version | BF1: Rev.
K2: =表紙!O64 -> アドオン設計書 | U2: ｻﾌﾞﾓｼﾞｭｰﾙID | Z2: =表紙!$AJ$64 -> MSBB | AE2: ｻﾌﾞﾓｼﾞｭｰﾙ名 | AJ2: =表紙!$AX$64 -> 販売Webシステム | AS2: =表紙!$BL$64 -> M7-US-1140 | AZ2: =表紙!$BU$64 -> 7.0.2 | BF2: =表紙!$CB$64 -> 3
K3: =RIGHT(CELL("filename",$A$1),LEN(CELL("filename",$A$1))-FIND("]",CELL("filename",$A$1))) -> 検索入出力仕様 | U3: 表題 | Z3: =表紙!$AJ$65 -> MSBBPA020 | AE3: =表紙!$AQ$65 -> Web見積計算書一覧照会
A5: No | G5: 1 | S5: ボタン | Z5: 表示 | AH5: 備考 | AK5: 表示ボタンクリック時処理
A6: 処理分類 | E6: 検索 | S6: ソート順 | Z6: 担当、得意先、案件NO、見積計算書NO
A7: No | C7: 転送先 | V7: 転送元 | AQ7: 説明
C8: 種 | D8: オブジェクト | K8: 項目名 | V8: 種 | W8: オブジェクト | AF8: 項目名
A9: 1 | C9: 画 | D9: 見積計算書一覧 | K9: NO | AF9: 行番
A10: 2 | C10: 画 | D10: 見積計算書一覧 | K10: 担当 | V10: T | W10: 見積計算書 | AF10: 担当者
A11: 3 | C11: 画 | D11: 見積計算書一覧 | K11: 担当者名 | V11: T | W11: 担当 | AF11: 担当者名
A12: 4 | C12: 画 | D12: 見積計算書一覧 | K12: 得意先 | V12: T | W12: 見積計算書 | AF12: 得意先
A13: 5 | C13: 画 | D13: 見積計算書一覧 | K13: 得意先名 | V13: T | W13: 得意先 | Z13: WEB取引先マスタ | AF13: 得意先名
A14: 6 | C14: 画 | D14: 見積計算書一覧 | K14: 案件NO | V14: T | W14: 見積計算書 | AF14: 案件NO(親)、(子)、(部材) | AQ14: 表示形式：案件NO(親)+ '-' + 案件NO(子)+ '-' + 案件NO(部材) | BN14: Rev2.0 変更 (親+子+部材)追加
A15: 7 | C15: 画 | D15: 見積計算書一覧 | K15: 案件名 | V15: T | W15: 見積計算書 | AF15: 案件名 | AI15: 案件管理トラン.案件名
A16: 8 | C16: 画 | D16: 見積計算書一覧 | K16: 見積計算書NO | V16: T | W16: 見積計算書 | AF16: 見積計算書NO
A17: 9 | C17: 画 | D17: 見積計算書一覧 | K17: 見積作成日 | V17: T | W17: 見積計算書 | AF17: 見積作成日（見積日）
A18: 10 | C18: 画 | D18: 見積計算書一覧 | K18: 顧客品名1 | V18: T | W18: 見積計算書 | AF18: 顧客品名1
A19: 11 | C19: 画 | D19: 見積計算書一覧 | K19: 顧客品名2 | V19: T | W19: 見積計算書 | AF19: 顧客品名2
A20: 12 | C20: 画 | D20: 見積計算書一覧 | K20: 見積数 | V20: T | W20: 見積計算書 | AF20: 見積数
A21: 13 | C21: 画 | D21: 見積計算書一覧 | K21: 決定予想 | V21: T | W21: 見積計算書 | AF21: 決定予想（決定予想見積り数） | AQ21: 決定予想=見積数の場合、●を設定する。その以外、設定しない。
A22: 14 | C22: 画 | D22: 見積計算書一覧 | K22: 見積平米 | V22: T | W22: 見積計算書 | AF22: 見積平米
A23: 15 | C23: 画 | D23: 見積計算書一覧 | K23: ㎡単価 | V23: T | W23: 見積計算書 | AF23: ㎡単価 | AJ23: 決定単価
A24: 16 | C24: 画 | D24: 見積計算書一覧 | K24: 金額 | V24: T | W24: 見積計算書 | AF24: 金額 | AJ24: 決定金額
A25: 20 | C25: 画 | D25: 見積計算書一覧 | K25: 値引率 | V25: T | W25: 見積計算書 | AF25: 値引率 | AJ25: 決定単価・値引率 | AQ25: 見積区分が「通常」の時、見積単価・値引率設定する。 見積区分が「決定」の時、決定単価・値引率設定する。 | BN25: Rev2.0 項目追加
A26: 21 | C26: 画 | D26: 見積計算書一覧 | K26: 見積区分 | V26: T | W26: 定数定義 | AF26: 見積区分名 | AQ26: 見積計算書.見積区分から【定数定義】に見積区分名を取る。
A27: 22 | C27: 画 | D27: 見積計算書一覧 | K27: ステータス | V27: T | W27: 見積計算書 | AF27: ステータス
A28: 23 | C28: 画 | D28: 見積計算書一覧 | K28: 発行 | AF28: [0:固定値] | AQ28: チェックOFF
A29: 24 | C29: 画 | D29: 見積計算書一覧 | K29: 製品コード | V29: T | W29: 見積計算書 | AF29: 製品ＣＤ

Sheet 更新入出力仕様
A1: =表紙!A54 -> Webシステム | K1: 文書名 | U1: モジュールID | Z1: =表紙!$AJ$63 -> MS | AE1: モジュール名 | AJ1: =表紙!$AX$63 -> Webシステム | AS1: 文書番号 | AZ1: Version | BF1: Rev.
K2: =表紙!O64 -> アドオン設計書 | U2: ｻﾌﾞﾓｼﾞｭｰﾙID | Z2: =表紙!$AJ$64 -> MSBB | AE2: ｻﾌﾞﾓｼﾞｭｰﾙ名 | AJ2: =表紙!$AX$64 -> 販売Webシステム | AS2: =表紙!$BL$64 -> M7-US-1140 | AZ2: =表紙!$BU$64 -> 7.0.2 | BF2: =表紙!$CB$64 -> 3
K3: =RIGHT(CELL("filename",$A$1),LEN(CELL("filename",$A$1))-FIND("]",CELL("filename",$A$1))) -> 更新入出力仕様 | U3: 表題 | Z3: =表紙!$AJ$65 -> MSBBPA020 | AE3: =表紙!$AQ$65 -> Web見積計算書一覧照会
A5: No | G5: 1 | S5: ロジック名称 | AH5: 備考
A6: 処理分類 | E6: 更新
A7: No | C7: 転送先 | V7: 転送元 | AQ7: 説明
C8: 種 | D8: オブジェクト | K8: 項目名 | V8: 種 | W8: オブジェクト | AF8: 項目名

Sheet ファイル入出力仕様
A1: =表紙!A54 -> Webシステム | K1: 文書名 | U1: モジュールID | Z1: =表紙!$AJ$63 -> MS | AE1: モジュール名 | AJ1: =表紙!$AX$63 -> Webシステム | AS1: 文書番号 | AZ1: Version | BF1: Rev.
K2: =表紙!O64 -> アドオン設計書 | U2: ｻﾌﾞﾓｼﾞｭｰﾙID | Z2: =表紙!$AJ$64 -> MSBB | AE2: ｻﾌﾞﾓｼﾞｭｰﾙ名 | AJ2: =表紙!$AX$64 -> 販売Webシステム | AS2: =表紙!$BL$64 -> M7-US-1140 | AZ2: =表紙!$BU$64 -> 7.0.2 | BF2: =表紙!$CB$64 -> 3
K3: =RIGHT(CELL("filename",$A$1),LEN(CELL("filename",$A$1))-FIND("]",CELL("filename",$A$1))) -> ファイル入出力仕様 | U3: 表題 | Z3: =表紙!$AJ$65 -> MSBBPA020 | AE3: =表紙!$AQ$65 -> Web見積計算書一覧照会
A5: No | G5: 1 | S5: ロジック名称 | Z5: ファイル出力 | AH5: 備考
A6: 処理分類 | E6: ファイル出力 | S6: ソート順
A7: No | C7: 転送先 | V7: 転送元 | AQ7: 説明
C8: 種 | D8: オブジェクト | K8: 項目名 | V8: 種 | W8: オブジェクト | AF8: 項目名
A9: 1 | C9: フ | D9: 見積計算書一覧 | K9: NO | V9: 画 | W9: 見積計算書一覧 | AF9: NO
A10: 2 | C10: フ | D10: 見積計算書一覧 | K10: 担当 | V10: 画 | W10: 見積計算書一覧 | AF10: 担当
A11: 3 | C11: フ | D11: 見積計算書一覧 | K11: 担当者名 | V11: 画 | W11: 見積計算書一覧 | AF11: 担当者名
A12: 4 | C12: フ | D12: 見積計算書一覧 | K12: 得意先 | V12: 画 | W12: 見積計算書一覧 | AF12: 得意先
A13: 5 | C13: フ | D13: 見積計算書一覧 | K13: 得意先名 | V13: 画 | W13: 見積計算書一覧 | AF13: 得意先名
A14: 6 | C14: フ | D14: 見積計算書一覧 | K14: 案件NO | V14: 画 | W14: 見積計算書一覧 | AF14: 案件NO
A15: 7 | C15: フ | D15: 見積計算書一覧 | K15: 案件名 | V15: 画 | W15: 見積計算書一覧 | AF15: 案件名
A16: 8 | C16: フ | D16: 見積計算書一覧 | K16: 見積計算書NO | V16: 画 | W16: 見積計算書一覧 | AF16: 見積計算書NO
A17: 9 | C17: フ | D17: 見積計算書一覧 | K17: 見積作成日 | V17: 画 | W17: 見積計算書一覧 | AF17: 見積作成日
A18: 10 | C18: フ | D18: 見積計算書一覧 | K18: 顧客品名1 | V18: 画 | W18: 見積計算書一覧 | AF18: 顧客品名1
A19: 11 | C19: フ | D19: 見積計算書一覧 | K19: 顧客品名2 | V19: 画 | W19: 見積計算書一覧 | AF19: 顧客品名2
A20: 12 | C20: フ | D20: 見積計算書一覧 | K20: 見積数 | V20: 画 | W20: 見積計算書一覧 | AF20: 見積数
... A24: 16 | C24: フ | D24: 見積計算書一覧 | K24: 金額 | V24: 画 | W24: 見積計算書一覧 | AF24: 金額
A25: 17 | C25: フ | D25: 見積計算書一覧 | K25: 値引率 | V25: 画 | W25: 見積計算書一覧 | AF25: 値引率 | BN25: Rev2.0 項目追加
A26: 17 | C26: フ | D26: 見積計算書一覧 | K26: 見積区分 | V26: 画 | W26: 見積計算書一覧 | AF26: 見積区分
A27: 18 | C27: フ | D27: 見積計算書一覧 | K27: ステータス | V27: 画 | W27: 見積計算書一覧 | AF27: ステータス
A28: 19 | C28: フ | D28: 見積計算書一覧 | K28: 製品コード | V28: 画 | W28: 見積計算書一覧 | AF28: 製品コード

Sheet 画面遷移
A1: =表紙!A54 -> Webシステム | K1: 文書名 | U1: モジュールID | Z1: =表紙!$AJ$63 -> MS | AE1: モジュール名 | AJ1: =表紙!$AX$63 -> Webシステム | AS1: 文書番号 | AZ1: Version | BF1: Rev.
K2: =表紙!O64 -> アドオン設計書 | U2: ｻﾌﾞﾓｼﾞｭｰﾙID | Z2: =表紙!$AJ$64 -> MSBB | AE2: ｻﾌﾞﾓｼﾞｭｰﾙ名 | AJ2: =表紙!$AX$64 -> 販売Webシステム | AS2: =表紙!$BL$64 -> M7-US-1140 | AZ2: =表紙!$BU$64 -> 7.0.2 | BF2: =表紙!$CB$64 -> 3
K3: =RIGHT(CELL("filename",$A$1),LEN(CELL("filename",$A$1))-FIND("]",CELL("filename",$A$1))) -> 画面遷移 | U3: 表題 | Z3: =表紙!$AJ$65 -> MSBBPA020 | AE3: =表紙!$AQ$65 -> Web見積計算書一覧照会
A5: 画面遷移フロー図
A6: ＩＤ | C6: S01 | E6: Web見積計算書一覧照会から他画面の画面遷移
D9: NO2
D10: Web取引先一覧照会 | AI10: NO1
AI11: Web見積計算書入力
K12: 検索 | R12: Web見積計算書一覧照会 | AI12: 3ページ目：計算結果画面
X13: 見積詳細ボタン押下
D15: NO3 | K15: 検索
D16: Web汎用検索(共通検索)
A22: ID | D22: 処理名
A23: S01 | D23: Web見積計算書一覧照会から他画面の画面遷移
B25: NO | D25: 遷移元ＩＤ | H25: 遷移元画面名 | Q25: 遷移先ＩＤ | V25: 遷移先画面名 | AE25: 目的 | AJ25: 引継項目 | AS25: 遷移後のアクション(遷移先) | BC25: 戻り値 | BL25: 戻り値取得後のアクション(遷移元) | BV25: 備考
B26: 1 | D26: MSBBPA020 | H26: Web見積計算書一覧照会 | Q26: MSBBPA010 | V26: Web見積計算入力(計算結果) | AE26: 参照 | AJ26: 見積計算書NO | AS26: 検索 | BV26: 操作種別:参照、データ参照
B27: 2 | D27: MSBBPA020 | H27: Web見積計算書一覧照会 | Q27: MSBBPA120 | V27: Web取引先一覧照会 | AE27: 検索結果取得 | AJ27: 得意先ＦＬＧ=1 | AS27: 検索 | BC27: 取引先選択データ(1行) | BL27: 対象データに値セット | BV27: 得意先CD、得意先名に値セット
B28: 3 | D28: MSBBPA020 | H28: Web見積計算書一覧照会 | Q28: MSBBPA900 | V28: Web汎用検索(共通検索) | AE28: 検索結果取得 | AS28: 検索 | BC28: 各種検索画面の選択データ(1行) | BL28: 対象データに値セット | BV28: CD、名称に値セット
B29: 4
B30: 5
B31: 6
B32: 7
B33: 8

Sheet メッセージ一覧
A1: =表紙!A54 -> Webシステム | K1: 文書名 | U1: モジュールID | Z1: =表紙!$AJ$63 -> MS | AE1: モジュール名 | AJ1: =表紙!$AX$63 -> Webシステム | AS1: 文書番号 | AZ1: Version | BF1: Rev.
K2: =表紙!O64 -> アドオン設計書 | U2: ｻﾌﾞﾓｼﾞｭｰﾙID | Z2: =表紙!$AJ$64 -> MSBB | AE2: ｻﾌﾞﾓｼﾞｭｰﾙ名 | AJ2: =表紙!$AX$64 -> 販売Webシステム | AS2: =表紙!$BL$64 -> M7-US-1140 | AZ2: =表紙!$BU$64 -> 7.0.2 | BF2: =表紙!$CB$64 -> 3
K3: =RIGHT(CELL("filename",$A$1),LEN(CELL("filename",$A$1))-FIND("]",CELL("filename",$A$1))) -> メッセージ一覧 | U3: 表題 | Z3: =表紙!$AJ$65 -> MSBBPA020 | AE3: =表紙!$AQ$65 -> Web見積計算書一覧照会
C4: ↓アドオン画面のため、基本全て[新]
A5: No | C5: 新/変 | E5: 種別 | G5: メッセージ内容 | AQ5: 備考（パラメータ等） | BG5: メッセージID
A6: 1 | C6: 新 | E6: W | G6: 「FROM≦TOの関係で指定してください。」 | AQ6: 見積作成日、見積計算書NO | BG6: E10036
A9: 2 | C9: 新 | E9: W | G9: 「いずれかを選択してください。」 | AQ9: 見積区分、ステータス | BG9: E10030
A10: 3 | C10: 新 | E10: W | G10: 「検索結果がありません。」 | BG10: E10008
A11: 4 | C11: 新 | E11: W | G11: 「発行対象がありません。」 | BG11: E10010
A12: 5 | C12: 新 | E12: W | G12: 「選択行がありません。」 | BG12: E10009
A13: 6 | C13: 新 | E13: W | G13: 「検索件数の上限値を超えました。(設定値) \n 抽出条件を設定し、再度検索・照会を実施ください。」 | BG13: E10013
A14: 7 | C14: 新 | E14: I | G14: 「検索件数の上限値を超えました。(設定値) \n 処理を続ける場合は、[はい]を選択してください。」 | BG14: C00006

Sheet 補足説明資料
A1: =表紙!A54 -> Webシステム | O1: 文書名 | AC1: モジュールID | AJ1: =表紙!AJ64 -> MSBB | AQ1: モジュール名 | AX1: =表紙!AX64 -> 販売Webシステム | BL1: 文書番号 | BU1: Version | CB1: Rev.
O2: =表紙!O65 -> 表紙 | AC2: サブモジュールID | AJ2: =表紙!AJ65 -> MSBBPA020 | AQ2: サブモジュール名 | AX2: =表紙!AX65 -> 0 | BL2: =表紙!BL65 -> 0 | BU2: =表紙!BU65 -> 0 | CB2: =表紙!CB65 -> 0
O3: =RIGHT(CELL("filename",$A$1),LEN(CELL("filename",$A$1))-FIND("]",CELL("filename",$A$1))) -> 補足説明資料 | AC3: 表題 | AJ3: =表紙!AJ66 -> 0 | AQ3: =表紙!AQ66 -> 0
AO5: 補足説明
